"TIME","GEO","UNIT","INDIC_FO","Value"
"1990","European Union (current composition)","Thousand hectares","Area without water bodies",":"
"1990","European Union (current composition)","Thousand hectares","Forest and other wooded land","172 992"
"1990","European Union (current composition)","Thousand hectares","Forest","147 956"
"1990","European Union (current composition)","Thousand hectares","Forest available for wood supply","131 870"
"1990","European Union (current composition)","Thousand hectares","Other wooded land","25 037"
"1990","European Union (before the accession of Croatia)","Thousand hectares","Area without water bodies",":"
"1990","European Union (before the accession of Croatia)","Thousand hectares","Forest and other wooded land","170 865"
"1990","European Union (before the accession of Croatia)","Thousand hectares","Forest","146 106"
"1990","European Union (before the accession of Croatia)","Thousand hectares","Forest available for wood supply","130 112"
"1990","European Union (before the accession of Croatia)","Thousand hectares","Other wooded land","24 760"
"1990","Belgium","Thousand hectares","Area without water bodies",":"
"1990","Belgium","Thousand hectares","Forest and other wooded land","698.10"
"1990","Belgium","Thousand hectares","Forest","677.40"
"1990","Belgium","Thousand hectares","Forest available for wood supply","673.00"
"1990","Belgium","Thousand hectares","Other wooded land","20.70"
"1990","Bulgaria","Thousand hectares","Area without water bodies",":"
"1990","Bulgaria","Thousand hectares","Forest and other wooded land","3 457.00"
"1990","Bulgaria","Thousand hectares","Forest","3 327.00"
"1990","Bulgaria","Thousand hectares","Forest available for wood supply","2 365.00"
"1990","Bulgaria","Thousand hectares","Other wooded land","130.00"
"1990","Czech Republic","Thousand hectares","Area without water bodies",":"
"1990","Czech Republic","Thousand hectares","Forest and other wooded land","2 629.42"
"1990","Czech Republic","Thousand hectares","Forest","2 629.42"
"1990","Czech Republic","Thousand hectares","Forest available for wood supply","2 575.00"
"1990","Czech Republic","Thousand hectares","Other wooded land","0.00"
"1990","Denmark","Thousand hectares","Area without water bodies",":"
"1990","Denmark","Thousand hectares","Forest and other wooded land","679.25"
"1990","Denmark","Thousand hectares","Forest","543.25"
"1990","Denmark","Thousand hectares","Forest available for wood supply","538.25"
"1990","Denmark","Thousand hectares","Other wooded land","136.00"
"1990","Germany (until 1990 former territory of the FRG)","Thousand hectares","Area without water bodies",":"
"1990","Germany (until 1990 former territory of the FRG)","Thousand hectares","Forest and other wooded land","11 300.00"
"1990","Germany (until 1990 former territory of the FRG)","Thousand hectares","Forest","11 300.00"
"1990","Germany (until 1990 former territory of the FRG)","Thousand hectares","Forest available for wood supply","10 486.77"
"1990","Germany (until 1990 former territory of the FRG)","Thousand hectares","Other wooded land","0.00"
"1990","Estonia","Thousand hectares","Area without water bodies",":"
"1990","Estonia","Thousand hectares","Forest and other wooded land","2 402.13"
"1990","Estonia","Thousand hectares","Forest","2 205.90"
"1990","Estonia","Thousand hectares","Forest available for wood supply","2 079.00"
"1990","Estonia","Thousand hectares","Other wooded land","196.23"
"1990","Ireland","Thousand hectares","Area without water bodies",":"
"1990","Ireland","Thousand hectares","Forest and other wooded land","514.36"
"1990","Ireland","Thousand hectares","Forest","465.00"
"1990","Ireland","Thousand hectares","Forest available for wood supply","465"
"1990","Ireland","Thousand hectares","Other wooded land","49.35"
"1990","Greece","Thousand hectares","Area without water bodies",":"
"1990","Greece","Thousand hectares","Forest and other wooded land","6 511"
"1990","Greece","Thousand hectares","Forest","3 299"
"1990","Greece","Thousand hectares","Forest available for wood supply","3 038.38"
"1990","Greece","Thousand hectares","Other wooded land","3 212"
"1990","Spain","Thousand hectares","Area without water bodies",":"
"1990","Spain","Thousand hectares","Forest and other wooded land","25 806.22"
"1990","Spain","Thousand hectares","Forest","13 809.49"
"1990","Spain","Thousand hectares","Forest available for wood supply","12 484.93"
"1990","Spain","Thousand hectares","Other wooded land","11 996.73"
"1990","France","Thousand hectares","Area without water bodies",":"
"1990","France","Thousand hectares","Forest and other wooded land","16 474.00"
"1990","France","Thousand hectares","Forest","14 436.00"
"1990","France","Thousand hectares","Forest available for wood supply","13 779.00"
"1990","France","Thousand hectares","Other wooded land","2 038"
"1990","Croatia","Thousand hectares","Area without water bodies",":"
"1990","Croatia","Thousand hectares","Forest and other wooded land","2 127.00"
"1990","Croatia","Thousand hectares","Forest","1 850.00"
"1990","Croatia","Thousand hectares","Forest available for wood supply","1 758.00"
"1990","Croatia","Thousand hectares","Other wooded land","277.00"
"1990","Italy","Thousand hectares","Area without water bodies",":"
"1990","Italy","Thousand hectares","Forest and other wooded land","9 123.00"
"1990","Italy","Thousand hectares","Forest","7 590.00"
"1990","Italy","Thousand hectares","Forest available for wood supply","6 707.87"
"1990","Italy","Thousand hectares","Other wooded land","1 533.00"
"1990","Cyprus","Thousand hectares","Area without water bodies",":"
"1990","Cyprus","Thousand hectares","Forest and other wooded land","356.11"
"1990","Cyprus","Thousand hectares","Forest","161.11"
"1990","Cyprus","Thousand hectares","Forest available for wood supply","43.22"
"1990","Cyprus","Thousand hectares","Other wooded land","195.00"
"1990","Latvia","Thousand hectares","Area without water bodies",":"
"1990","Latvia","Thousand hectares","Forest and other wooded land","3 288.00"
"1990","Latvia","Thousand hectares","Forest","3 173.00"
"1990","Latvia","Thousand hectares","Forest available for wood supply","2 824.00"
"1990","Latvia","Thousand hectares","Other wooded land","115.00"
"1990","Lithuania","Thousand hectares","Area without water bodies",":"
"1990","Lithuania","Thousand hectares","Forest and other wooded land","2 025.00"
"1990","Lithuania","Thousand hectares","Forest","1 945.00"
"1990","Lithuania","Thousand hectares","Forest available for wood supply","1 695.00"
"1990","Lithuania","Thousand hectares","Other wooded land","80.00"
"1990","Luxembourg","Thousand hectares","Area without water bodies",":"
"1990","Luxembourg","Thousand hectares","Forest and other wooded land","88.60"
"1990","Luxembourg","Thousand hectares","Forest","85.80"
"1990","Luxembourg","Thousand hectares","Forest available for wood supply","85.80"
"1990","Luxembourg","Thousand hectares","Other wooded land","2.80"
"1990","Hungary","Thousand hectares","Area without water bodies",":"
"1990","Hungary","Thousand hectares","Forest and other wooded land","1 801.00"
"1990","Hungary","Thousand hectares","Forest","1 801.26"
"1990","Hungary","Thousand hectares","Forest available for wood supply","1 530.70"
"1990","Hungary","Thousand hectares","Other wooded land","0"
"1990","Malta","Thousand hectares","Area without water bodies",":"
"1990","Malta","Thousand hectares","Forest and other wooded land","0.00"
"1990","Malta","Thousand hectares","Forest","0.35"
"1990","Malta","Thousand hectares","Forest available for wood supply","0.00"
"1990","Malta","Thousand hectares","Other wooded land","0.00"
"1990","Netherlands","Thousand hectares","Area without water bodies",":"
"1990","Netherlands","Thousand hectares","Forest and other wooded land","345.00"
"1990","Netherlands","Thousand hectares","Forest","345.00"
"1990","Netherlands","Thousand hectares","Forest available for wood supply","276.00"
"1990","Netherlands","Thousand hectares","Other wooded land","0.00"
"1990","Austria","Thousand hectares","Area without water bodies",":"
"1990","Austria","Thousand hectares","Forest and other wooded land","3 894.00"
"1990","Austria","Thousand hectares","Forest","3 776.00"
"1990","Austria","Thousand hectares","Forest available for wood supply","3 308.00"
"1990","Austria","Thousand hectares","Other wooded land","118.00"
"1990","Poland","Thousand hectares","Area without water bodies",":"
"1990","Poland","Thousand hectares","Forest and other wooded land","8 881.00"
"1990","Poland","Thousand hectares","Forest","8 881.00"
"1990","Poland","Thousand hectares","Forest available for wood supply","8 323.00"
"1990","Poland","Thousand hectares","Other wooded land","0.00"
"1990","Portugal","Thousand hectares","Area without water bodies",":"
"1990","Portugal","Thousand hectares","Forest and other wooded land","4 527.47"
"1990","Portugal","Thousand hectares","Forest","3 436.19"
"1990","Portugal","Thousand hectares","Forest available for wood supply","2 274.85"
"1990","Portugal","Thousand hectares","Other wooded land","1 091.28"
"1990","Romania","Thousand hectares","Area without water bodies",":"
"1990","Romania","Thousand hectares","Forest and other wooded land","6 685.00"
"1990","Romania","Thousand hectares","Forest","6 371.00"
"1990","Romania","Thousand hectares","Forest available for wood supply","5 617.00"
"1990","Romania","Thousand hectares","Other wooded land","314.00"
"1990","Slovenia","Thousand hectares","Area without water bodies",":"
"1990","Slovenia","Thousand hectares","Forest and other wooded land","1 229.00"
"1990","Slovenia","Thousand hectares","Forest","1 188.00"
"1990","Slovenia","Thousand hectares","Forest available for wood supply","1 114.00"
"1990","Slovenia","Thousand hectares","Other wooded land","41.00"
"1990","Slovakia","Thousand hectares","Area without water bodies",":"
"1990","Slovakia","Thousand hectares","Forest and other wooded land","1 921.70"
"1990","Slovakia","Thousand hectares","Forest","1 921.70"
"1990","Slovakia","Thousand hectares","Forest available for wood supply","1 772.00"
"1990","Slovakia","Thousand hectares","Other wooded land","0.00"
"1990","Finland","Thousand hectares","Area without water bodies",":"
"1990","Finland","Thousand hectares","Forest and other wooded land","22 823.23"
"1990","Finland","Thousand hectares","Forest","21 896.77"
"1990","Finland","Thousand hectares","Forest available for wood supply","20 448.00"
"1990","Finland","Thousand hectares","Other wooded land","926.47"
"1990","Sweden","Thousand hectares","Area without water bodies",":"
"1990","Sweden","Thousand hectares","Forest and other wooded land","30 607.00"
"1990","Sweden","Thousand hectares","Forest","28 063.00"
"1990","Sweden","Thousand hectares","Forest available for wood supply","22 830.00"
"1990","Sweden","Thousand hectares","Other wooded land","2 544.00"
"1990","United Kingdom","Thousand hectares","Area without water bodies",":"
"1990","United Kingdom","Thousand hectares","Forest and other wooded land","2 798.00"
"1990","United Kingdom","Thousand hectares","Forest","2 778.00"
"1990","United Kingdom","Thousand hectares","Forest available for wood supply","2 778.00"
"1990","United Kingdom","Thousand hectares","Other wooded land","20.00"
"1990","Iceland","Thousand hectares","Area without water bodies",":"
"1990","Iceland","Thousand hectares","Forest and other wooded land","138.38"
"1990","Iceland","Thousand hectares","Forest","16.06"
"1990","Iceland","Thousand hectares","Forest available for wood supply","4.93"
"1990","Iceland","Thousand hectares","Other wooded land","122.32"
"1990","Liechtenstein","Thousand hectares","Area without water bodies",":"
"1990","Liechtenstein","Thousand hectares","Forest and other wooded land","6.90"
"1990","Liechtenstein","Thousand hectares","Forest","6.10"
"1990","Liechtenstein","Thousand hectares","Forest available for wood supply","3.60"
"1990","Liechtenstein","Thousand hectares","Other wooded land","0.80"
"1990","Norway","Thousand hectares","Area without water bodies",":"
"1990","Norway","Thousand hectares","Forest and other wooded land","14 000.00"
"1990","Norway","Thousand hectares","Forest","12 132.00"
"1990","Norway","Thousand hectares","Forest available for wood supply","8 510.00"
"1990","Norway","Thousand hectares","Other wooded land","1 868.00"
"1990","Switzerland","Thousand hectares","Area without water bodies",":"
"1990","Switzerland","Thousand hectares","Forest and other wooded land","1 209.00"
"1990","Switzerland","Thousand hectares","Forest","1 151.00"
"1990","Switzerland","Thousand hectares","Forest available for wood supply","1 117.00"
"1990","Switzerland","Thousand hectares","Other wooded land","58.00"
"1990","Montenegro","Thousand hectares","Area without water bodies",":"
"1990","Montenegro","Thousand hectares","Forest and other wooded land","744"
"1990","Montenegro","Thousand hectares","Forest","626.00"
"1990","Montenegro","Thousand hectares","Forest available for wood supply","386"
"1990","Montenegro","Thousand hectares","Other wooded land","118.00"
"1990","Former Yugoslav Republic of Macedonia, the","Thousand hectares","Area without water bodies",":"
"1990","Former Yugoslav Republic of Macedonia, the","Thousand hectares","Forest and other wooded land","1 055"
"1990","Former Yugoslav Republic of Macedonia, the","Thousand hectares","Forest","912"
"1990","Former Yugoslav Republic of Macedonia, the","Thousand hectares","Forest available for wood supply","804"
"1990","Former Yugoslav Republic of Macedonia, the","Thousand hectares","Other wooded land","143"
"1990","Serbia","Thousand hectares","Area without water bodies",":"
"1990","Serbia","Thousand hectares","Forest and other wooded land","2 600"
"1990","Serbia","Thousand hectares","Forest","2 313"
"1990","Serbia","Thousand hectares","Forest available for wood supply","2 013.00"
"1990","Serbia","Thousand hectares","Other wooded land","287"
"1990","Turkey","Thousand hectares","Area without water bodies",":"
"1990","Turkey","Thousand hectares","Forest and other wooded land","20 585"
"1990","Turkey","Thousand hectares","Forest","9 680"
"1990","Turkey","Thousand hectares","Forest available for wood supply","8 659"
"1990","Turkey","Thousand hectares","Other wooded land","10 905"
"1990","Bosnia and Herzegovina","Thousand hectares","Area without water bodies",":"
"1990","Bosnia and Herzegovina","Thousand hectares","Forest and other wooded land",":"
"1990","Bosnia and Herzegovina","Thousand hectares","Forest",":"
"1990","Bosnia and Herzegovina","Thousand hectares","Forest available for wood supply",":"
"1990","Bosnia and Herzegovina","Thousand hectares","Other wooded land",":"
"2000","European Union (current composition)","Thousand hectares","Area without water bodies",":"
"2000","European Union (current composition)","Thousand hectares","Forest and other wooded land","177 834"
"2000","European Union (current composition)","Thousand hectares","Forest","154 740"
"2000","European Union (current composition)","Thousand hectares","Forest available for wood supply","133 054"
"2000","European Union (current composition)","Thousand hectares","Other wooded land","23 094"
"2000","European Union (before the accession of Croatia)","Thousand hectares","Area without water bodies",":"
"2000","European Union (before the accession of Croatia)","Thousand hectares","Forest and other wooded land","175 534"
"2000","European Union (before the accession of Croatia)","Thousand hectares","Forest","152 855"
"2000","European Union (before the accession of Croatia)","Thousand hectares","Forest available for wood supply","131 305"
"2000","European Union (before the accession of Croatia)","Thousand hectares","Other wooded land","22 679"
"2000","Belgium","Thousand hectares","Area without water bodies",":"
"2000","Belgium","Thousand hectares","Forest and other wooded land","694.40"
"2000","Belgium","Thousand hectares","Forest","667.30"
"2000","Belgium","Thousand hectares","Forest available for wood supply","663.00"
"2000","Belgium","Thousand hectares","Other wooded land","27.10"
"2000","Bulgaria","Thousand hectares","Area without water bodies",":"
"2000","Bulgaria","Thousand hectares","Forest and other wooded land","3 480.00"
"2000","Bulgaria","Thousand hectares","Forest","3 375.00"
"2000","Bulgaria","Thousand hectares","Forest available for wood supply","2 258.00"
"2000","Bulgaria","Thousand hectares","Other wooded land","105.00"
"2000","Czech Republic","Thousand hectares","Area without water bodies",":"
"2000","Czech Republic","Thousand hectares","Forest and other wooded land","2 637.29"
"2000","Czech Republic","Thousand hectares","Forest","2 637.29"
"2000","Czech Republic","Thousand hectares","Forest available for wood supply","2 561.00"
"2000","Czech Republic","Thousand hectares","Other wooded land","0.00"
"2000","Denmark","Thousand hectares","Area without water bodies",":"
"2000","Denmark","Thousand hectares","Forest and other wooded land","721.45"
"2000","Denmark","Thousand hectares","Forest","585.45"
"2000","Denmark","Thousand hectares","Forest available for wood supply","566.45"
"2000","Denmark","Thousand hectares","Other wooded land","136.00"
"2000","Germany (until 1990 former territory of the FRG)","Thousand hectares","Area without water bodies",":"
"2000","Germany (until 1990 former territory of the FRG)","Thousand hectares","Forest and other wooded land","11 354.00"
"2000","Germany (until 1990 former territory of the FRG)","Thousand hectares","Forest","11 354.00"
"2000","Germany (until 1990 former territory of the FRG)","Thousand hectares","Forest available for wood supply","10 833.25"
"2000","Germany (until 1990 former territory of the FRG)","Thousand hectares","Other wooded land","0.00"
"2000","Estonia","Thousand hectares","Area without water bodies",":"
"2000","Estonia","Thousand hectares","Forest and other wooded land","2 450.31"
"2000","Estonia","Thousand hectares","Forest","2 242.62"
"2000","Estonia","Thousand hectares","Forest available for wood supply","2 102.50"
"2000","Estonia","Thousand hectares","Other wooded land","207.69"
"2000","Ireland","Thousand hectares","Area without water bodies",":"
"2000","Ireland","Thousand hectares","Forest and other wooded land","684.44"
"2000","Ireland","Thousand hectares","Forest","634.95"
"2000","Ireland","Thousand hectares","Forest available for wood supply","472.43"
"2000","Ireland","Thousand hectares","Other wooded land","49.49"
"2000","Greece","Thousand hectares","Area without water bodies",":"
"2000","Greece","Thousand hectares","Forest and other wooded land","6 525"
"2000","Greece","Thousand hectares","Forest","3 601"
"2000","Greece","Thousand hectares","Forest available for wood supply","3 316.52"
"2000","Greece","Thousand hectares","Other wooded land","2 924"
"2000","Spain","Thousand hectares","Area without water bodies",":"
"2000","Spain","Thousand hectares","Forest and other wooded land","27 336.96"
"2000","Spain","Thousand hectares","Forest","16 976.94"
"2000","Spain","Thousand hectares","Forest available for wood supply","13 942.28"
"2000","Spain","Thousand hectares","Other wooded land","10 360.03"
"2000","France","Thousand hectares","Area without water bodies",":"
"2000","France","Thousand hectares","Forest and other wooded land","17 093.00"
"2000","France","Thousand hectares","Forest","15 289.00"
"2000","France","Thousand hectares","Forest available for wood supply","14 465.00"
"2000","France","Thousand hectares","Other wooded land","1 804"
"2000","Croatia","Thousand hectares","Area without water bodies",":"
"2000","Croatia","Thousand hectares","Forest and other wooded land","2 300.00"
"2000","Croatia","Thousand hectares","Forest","1 885.00"
"2000","Croatia","Thousand hectares","Forest available for wood supply","1 749.00"
"2000","Croatia","Thousand hectares","Other wooded land","415.00"
"2000","Italy","Thousand hectares","Area without water bodies",":"
"2000","Italy","Thousand hectares","Forest and other wooded land","10 019.00"
"2000","Italy","Thousand hectares","Forest","8 369.00"
"2000","Italy","Thousand hectares","Forest available for wood supply","7 396.33"
"2000","Italy","Thousand hectares","Other wooded land","1 650.00"
"2000","Cyprus","Thousand hectares","Area without water bodies",":"
"2000","Cyprus","Thousand hectares","Forest and other wooded land","385.47"
"2000","Cyprus","Thousand hectares","Forest","171.61"
"2000","Cyprus","Thousand hectares","Forest available for wood supply","43.17"
"2000","Cyprus","Thousand hectares","Other wooded land","213.86"
"2000","Latvia","Thousand hectares","Area without water bodies",":"
"2000","Latvia","Thousand hectares","Forest and other wooded land","3 364.00"
"2000","Latvia","Thousand hectares","Forest","3 241.00"
"2000","Latvia","Thousand hectares","Forest available for wood supply","3 024.00"
"2000","Latvia","Thousand hectares","Other wooded land","123.00"
"2000","Lithuania","Thousand hectares","Area without water bodies",":"
"2000","Lithuania","Thousand hectares","Forest and other wooded land","2 103.00"
"2000","Lithuania","Thousand hectares","Forest","2 020.00"
"2000","Lithuania","Thousand hectares","Forest available for wood supply","1 756.00"
"2000","Lithuania","Thousand hectares","Other wooded land","83.00"
"2000","Luxembourg","Thousand hectares","Area without water bodies",":"
"2000","Luxembourg","Thousand hectares","Forest and other wooded land","88.15"
"2000","Luxembourg","Thousand hectares","Forest","86.75"
"2000","Luxembourg","Thousand hectares","Forest available for wood supply","86.75"
"2000","Luxembourg","Thousand hectares","Other wooded land","1.40"
"2000","Hungary","Thousand hectares","Area without water bodies",":"
"2000","Hungary","Thousand hectares","Forest and other wooded land","1 907.00"
"2000","Hungary","Thousand hectares","Forest","1 907.51"
"2000","Hungary","Thousand hectares","Forest available for wood supply","1 622.10"
"2000","Hungary","Thousand hectares","Other wooded land","0"
"2000","Malta","Thousand hectares","Area without water bodies",":"
"2000","Malta","Thousand hectares","Forest and other wooded land","0.00"
"2000","Malta","Thousand hectares","Forest","0.35"
"2000","Malta","Thousand hectares","Forest available for wood supply","0.00"
"2000","Malta","Thousand hectares","Other wooded land","0.00"
"2000","Netherlands","Thousand hectares","Area without water bodies",":"
"2000","Netherlands","Thousand hectares","Forest and other wooded land","360.00"
"2000","Netherlands","Thousand hectares","Forest","360.00"
"2000","Netherlands","Thousand hectares","Forest available for wood supply","288.00"
"2000","Netherlands","Thousand hectares","Other wooded land","0.00"
"2000","Austria","Thousand hectares","Area without water bodies",":"
"2000","Austria","Thousand hectares","Forest and other wooded land","3 955.00"
"2000","Austria","Thousand hectares","Forest","3 838.00"
"2000","Austria","Thousand hectares","Forest available for wood supply","3 342.00"
"2000","Austria","Thousand hectares","Other wooded land","117.00"
"2000","Poland","Thousand hectares","Area without water bodies",":"
"2000","Poland","Thousand hectares","Forest and other wooded land","9 059.00"
"2000","Poland","Thousand hectares","Forest","9 059.00"
"2000","Poland","Thousand hectares","Forest available for wood supply","8 342.00"
"2000","Poland","Thousand hectares","Other wooded land","0.00"
"2000","Portugal","Thousand hectares","Area without water bodies",":"
"2000","Portugal","Thousand hectares","Forest and other wooded land","4 560.61"
"2000","Portugal","Thousand hectares","Forest","3 342.75"
"2000","Portugal","Thousand hectares","Forest available for wood supply","2 228.84"
"2000","Portugal","Thousand hectares","Other wooded land","1 217.86"
"2000","Romania","Thousand hectares","Area without water bodies",":"
"2000","Romania","Thousand hectares","Forest and other wooded land","6 600.00"
"2000","Romania","Thousand hectares","Forest","6 366.00"
"2000","Romania","Thousand hectares","Forest available for wood supply","5 029.00"
"2000","Romania","Thousand hectares","Other wooded land","234.00"
"2000","Slovenia","Thousand hectares","Area without water bodies",":"
"2000","Slovenia","Thousand hectares","Forest and other wooded land","1 271.00"
"2000","Slovenia","Thousand hectares","Forest","1 233.00"
"2000","Slovenia","Thousand hectares","Forest available for wood supply","1 157.00"
"2000","Slovenia","Thousand hectares","Other wooded land","38.00"
"2000","Slovakia","Thousand hectares","Area without water bodies",":"
"2000","Slovakia","Thousand hectares","Forest and other wooded land","1 921.40"
"2000","Slovakia","Thousand hectares","Forest","1 921.40"
"2000","Slovakia","Thousand hectares","Forest available for wood supply","1 767.00"
"2000","Slovakia","Thousand hectares","Other wooded land","0.00"
"2000","Finland","Thousand hectares","Area without water bodies",":"
"2000","Finland","Thousand hectares","Forest and other wooded land","23 282.51"
"2000","Finland","Thousand hectares","Forest","22 458.55"
"2000","Finland","Thousand hectares","Forest available for wood supply","20 317.27"
"2000","Finland","Thousand hectares","Other wooded land","823.96"
"2000","Sweden","Thousand hectares","Area without water bodies",":"
"2000","Sweden","Thousand hectares","Forest and other wooded land","30 707.00"
"2000","Sweden","Thousand hectares","Forest","28 163.00"
"2000","Sweden","Thousand hectares","Forest available for wood supply","20 770.81"
"2000","Sweden","Thousand hectares","Other wooded land","2 544.00"
"2000","United Kingdom","Thousand hectares","Area without water bodies",":"
"2000","United Kingdom","Thousand hectares","Forest and other wooded land","2 974.00"
"2000","United Kingdom","Thousand hectares","Forest","2 954.00"
"2000","United Kingdom","Thousand hectares","Forest available for wood supply","2 954.00"
"2000","United Kingdom","Thousand hectares","Other wooded land","20.00"
"2000","Iceland","Thousand hectares","Area without water bodies",":"
"2000","Iceland","Thousand hectares","Forest and other wooded land","158.77"
"2000","Iceland","Thousand hectares","Forest","28.83"
"2000","Iceland","Thousand hectares","Forest available for wood supply","12.90"
"2000","Iceland","Thousand hectares","Other wooded land","129.94"
"2000","Liechtenstein","Thousand hectares","Area without water bodies",":"
"2000","Liechtenstein","Thousand hectares","Forest and other wooded land","6.90"
"2000","Liechtenstein","Thousand hectares","Forest","6.10"
"2000","Liechtenstein","Thousand hectares","Forest available for wood supply","4.00"
"2000","Liechtenstein","Thousand hectares","Other wooded land","0.80"
"2000","Norway","Thousand hectares","Area without water bodies",":"
"2000","Norway","Thousand hectares","Forest and other wooded land","13 982.00"
"2000","Norway","Thousand hectares","Forest","12 113.00"
"2000","Norway","Thousand hectares","Forest available for wood supply","8 448.00"
"2000","Norway","Thousand hectares","Other wooded land","1 869.00"
"2000","Switzerland","Thousand hectares","Area without water bodies",":"
"2000","Switzerland","Thousand hectares","Forest and other wooded land","1 257.00"
"2000","Switzerland","Thousand hectares","Forest","1 194.00"
"2000","Switzerland","Thousand hectares","Forest available for wood supply","1 155.00"
"2000","Switzerland","Thousand hectares","Other wooded land","63.00"
"2000","Montenegro","Thousand hectares","Area without water bodies",":"
"2000","Montenegro","Thousand hectares","Forest and other wooded land","744"
"2000","Montenegro","Thousand hectares","Forest","626.00"
"2000","Montenegro","Thousand hectares","Forest available for wood supply","543.00"
"2000","Montenegro","Thousand hectares","Other wooded land","118.00"
"2000","Former Yugoslav Republic of Macedonia, the","Thousand hectares","Area without water bodies",":"
"2000","Former Yugoslav Republic of Macedonia, the","Thousand hectares","Forest and other wooded land","1 101"
"2000","Former Yugoslav Republic of Macedonia, the","Thousand hectares","Forest","958"
"2000","Former Yugoslav Republic of Macedonia, the","Thousand hectares","Forest available for wood supply","804"
"2000","Former Yugoslav Republic of Macedonia, the","Thousand hectares","Other wooded land","143"
"2000","Serbia","Thousand hectares","Area without water bodies",":"
"2000","Serbia","Thousand hectares","Forest and other wooded land","2 981"
"2000","Serbia","Thousand hectares","Forest","2 460"
"2000","Serbia","Thousand hectares","Forest available for wood supply","1 985.00"
"2000","Serbia","Thousand hectares","Other wooded land","521"
"2000","Turkey","Thousand hectares","Area without water bodies",":"
"2000","Turkey","Thousand hectares","Forest and other wooded land","20 848"
"2000","Turkey","Thousand hectares","Forest","10 146"
"2000","Turkey","Thousand hectares","Forest available for wood supply","8 648"
"2000","Turkey","Thousand hectares","Other wooded land","10 702"
"2000","Bosnia and Herzegovina","Thousand hectares","Area without water bodies",":"
"2000","Bosnia and Herzegovina","Thousand hectares","Forest and other wooded land",":"
"2000","Bosnia and Herzegovina","Thousand hectares","Forest",":"
"2000","Bosnia and Herzegovina","Thousand hectares","Forest available for wood supply",":"
"2000","Bosnia and Herzegovina","Thousand hectares","Other wooded land",":"
"2005","European Union (current composition)","Thousand hectares","Area without water bodies",":"
"2005","European Union (current composition)","Thousand hectares","Forest and other wooded land","179 133"
"2005","European Union (current composition)","Thousand hectares","Forest","156 758"
"2005","European Union (current composition)","Thousand hectares","Forest available for wood supply","134 000"
"2005","European Union (current composition)","Thousand hectares","Other wooded land","22 375"
"2005","European Union (before the accession of Croatia)","Thousand hectares","Area without water bodies",":"
"2005","European Union (before the accession of Croatia)","Thousand hectares","Forest and other wooded land","176 746"
"2005","European Union (before the accession of Croatia)","Thousand hectares","Forest","154 855"
"2005","European Union (before the accession of Croatia)","Thousand hectares","Forest available for wood supply","132 255"
"2005","European Union (before the accession of Croatia)","Thousand hectares","Other wooded land","21 891"
"2005","Belgium","Thousand hectares","Area without water bodies",":"
"2005","Belgium","Thousand hectares","Forest and other wooded land","704.20"
"2005","Belgium","Thousand hectares","Forest","674.20"
"2005","Belgium","Thousand hectares","Forest available for wood supply","665.43"
"2005","Belgium","Thousand hectares","Other wooded land","30.00"
"2005","Bulgaria","Thousand hectares","Area without water bodies",":"
"2005","Bulgaria","Thousand hectares","Forest and other wooded land","3 677.00"
"2005","Bulgaria","Thousand hectares","Forest","3 651.00"
"2005","Bulgaria","Thousand hectares","Forest available for wood supply","2 561.00"
"2005","Bulgaria","Thousand hectares","Other wooded land","26.00"
"2005","Czech Republic","Thousand hectares","Area without water bodies",":"
"2005","Czech Republic","Thousand hectares","Forest and other wooded land","2 647.42"
"2005","Czech Republic","Thousand hectares","Forest","2 647.42"
"2005","Czech Republic","Thousand hectares","Forest available for wood supply","2 518.55"
"2005","Czech Republic","Thousand hectares","Other wooded land","0.00"
"2005","Denmark","Thousand hectares","Area without water bodies",":"
"2005","Denmark","Thousand hectares","Forest and other wooded land","599.30"
"2005","Denmark","Thousand hectares","Forest","557.72"
"2005","Denmark","Thousand hectares","Forest available for wood supply","533.55"
"2005","Denmark","Thousand hectares","Other wooded land","41.58"
"2005","Germany (until 1990 former territory of the FRG)","Thousand hectares","Area without water bodies",":"
"2005","Germany (until 1990 former territory of the FRG)","Thousand hectares","Forest and other wooded land","11 384.00"
"2005","Germany (until 1990 former territory of the FRG)","Thousand hectares","Forest","11 384.00"
"2005","Germany (until 1990 former territory of the FRG)","Thousand hectares","Forest available for wood supply","10 861.87"
"2005","Germany (until 1990 former territory of the FRG)","Thousand hectares","Other wooded land","0.00"
"2005","Estonia","Thousand hectares","Area without water bodies",":"
"2005","Estonia","Thousand hectares","Forest and other wooded land","2 465.04"
"2005","Estonia","Thousand hectares","Forest","2 252.09"
"2005","Estonia","Thousand hectares","Forest available for wood supply","2 074.10"
"2005","Estonia","Thousand hectares","Other wooded land","212.95"
"2005","Ireland","Thousand hectares","Area without water bodies",":"
"2005","Ireland","Thousand hectares","Forest and other wooded land","744.46"
"2005","Ireland","Thousand hectares","Forest","694.84"
"2005","Ireland","Thousand hectares","Forest available for wood supply","579.69"
"2005","Ireland","Thousand hectares","Other wooded land","49.63"
"2005","Greece","Thousand hectares","Area without water bodies",":"
"2005","Greece","Thousand hectares","Forest and other wooded land","6 532"
"2005","Greece","Thousand hectares","Forest","3 752"
"2005","Greece","Thousand hectares","Forest available for wood supply","3 455.59"
"2005","Greece","Thousand hectares","Other wooded land","2 780"
"2005","Spain","Thousand hectares","Area without water bodies",":"
"2005","Spain","Thousand hectares","Forest and other wooded land","27 540.76"
"2005","Spain","Thousand hectares","Forest","17 282.09"
"2005","Spain","Thousand hectares","Forest available for wood supply","13 803.92"
"2005","Spain","Thousand hectares","Other wooded land","10 258.67"
"2005","France","Thousand hectares","Area without water bodies",":"
"2005","France","Thousand hectares","Forest and other wooded land","16 748.00"
"2005","France","Thousand hectares","Forest","15 861.00"
"2005","France","Thousand hectares","Forest available for wood supply","15 195.00"
"2005","France","Thousand hectares","Other wooded land","887.00"
"2005","Croatia","Thousand hectares","Area without water bodies",":"
"2005","Croatia","Thousand hectares","Forest and other wooded land","2 387.00"
"2005","Croatia","Thousand hectares","Forest","1 903.00"
"2005","Croatia","Thousand hectares","Forest available for wood supply","1 745.00"
"2005","Croatia","Thousand hectares","Other wooded land","484.00"
"2005","Italy","Thousand hectares","Area without water bodies",":"
"2005","Italy","Thousand hectares","Forest and other wooded land","10 467.00"
"2005","Italy","Thousand hectares","Forest","8 759.00"
"2005","Italy","Thousand hectares","Forest available for wood supply","7 741.00"
"2005","Italy","Thousand hectares","Other wooded land","1 708.00"
"2005","Cyprus","Thousand hectares","Area without water bodies",":"
"2005","Cyprus","Thousand hectares","Forest and other wooded land","386.72"
"2005","Cyprus","Thousand hectares","Forest","172.85"
"2005","Cyprus","Thousand hectares","Forest available for wood supply","41.40"
"2005","Cyprus","Thousand hectares","Other wooded land","213.87"
"2005","Latvia","Thousand hectares","Area without water bodies",":"
"2005","Latvia","Thousand hectares","Forest and other wooded land","3 415.00"
"2005","Latvia","Thousand hectares","Forest","3 297.00"
"2005","Latvia","Thousand hectares","Forest available for wood supply","3 088.00"
"2005","Latvia","Thousand hectares","Other wooded land","118.00"
"2005","Lithuania","Thousand hectares","Area without water bodies",":"
"2005","Lithuania","Thousand hectares","Forest and other wooded land","2 194.00"
"2005","Lithuania","Thousand hectares","Forest","2 121.00"
"2005","Lithuania","Thousand hectares","Forest available for wood supply","1 835.00"
"2005","Lithuania","Thousand hectares","Other wooded land","73.00"
"2005","Luxembourg","Thousand hectares","Area without water bodies",":"
"2005","Luxembourg","Thousand hectares","Forest and other wooded land","88.15"
"2005","Luxembourg","Thousand hectares","Forest","86.75"
"2005","Luxembourg","Thousand hectares","Forest available for wood supply","86.10"
"2005","Luxembourg","Thousand hectares","Other wooded land","1.40"
"2005","Hungary","Thousand hectares","Area without water bodies",":"
"2005","Hungary","Thousand hectares","Forest and other wooded land","1 983.00"
"2005","Hungary","Thousand hectares","Forest","1 983.28"
"2005","Hungary","Thousand hectares","Forest available for wood supply","1 684.05"
"2005","Hungary","Thousand hectares","Other wooded land","0"
"2005","Malta","Thousand hectares","Area without water bodies",":"
"2005","Malta","Thousand hectares","Forest and other wooded land","0.00"
"2005","Malta","Thousand hectares","Forest","0.35"
"2005","Malta","Thousand hectares","Forest available for wood supply","0.00"
"2005","Malta","Thousand hectares","Other wooded land","0.00"
"2005","Netherlands","Thousand hectares","Area without water bodies",":"
"2005","Netherlands","Thousand hectares","Forest and other wooded land","365.00"
"2005","Netherlands","Thousand hectares","Forest","365.00"
"2005","Netherlands","Thousand hectares","Forest available for wood supply","293.40"
"2005","Netherlands","Thousand hectares","Other wooded land","0.00"
"2005","Austria","Thousand hectares","Area without water bodies",":"
"2005","Austria","Thousand hectares","Forest and other wooded land","3 978.00"
"2005","Austria","Thousand hectares","Forest","3 851.00"
"2005","Austria","Thousand hectares","Forest available for wood supply","3 343.00"
"2005","Austria","Thousand hectares","Other wooded land","127.00"
"2005","Poland","Thousand hectares","Area without water bodies",":"
"2005","Poland","Thousand hectares","Forest and other wooded land","9 200.00"
"2005","Poland","Thousand hectares","Forest","9 200.00"
"2005","Poland","Thousand hectares","Forest available for wood supply","8 417.00"
"2005","Poland","Thousand hectares","Other wooded land","0.00"
"2005","Portugal","Thousand hectares","Area without water bodies",":"
"2005","Portugal","Thousand hectares","Forest and other wooded land","4 577.18"
"2005","Portugal","Thousand hectares","Forest","3 296.02"
"2005","Portugal","Thousand hectares","Forest available for wood supply","2 205.83"
"2005","Portugal","Thousand hectares","Other wooded land","1 281.16"
"2005","Romania","Thousand hectares","Area without water bodies",":"
"2005","Romania","Thousand hectares","Forest and other wooded land","6 743.00"
"2005","Romania","Thousand hectares","Forest","6 391.00"
"2005","Romania","Thousand hectares","Forest available for wood supply","5 049.00"
"2005","Romania","Thousand hectares","Other wooded land","352.00"
"2005","Slovenia","Thousand hectares","Area without water bodies",":"
"2005","Slovenia","Thousand hectares","Forest and other wooded land","1 272.00"
"2005","Slovenia","Thousand hectares","Forest","1 243.00"
"2005","Slovenia","Thousand hectares","Forest available for wood supply","1 166.00"
"2005","Slovenia","Thousand hectares","Other wooded land","29.00"
"2005","Slovakia","Thousand hectares","Area without water bodies",":"
"2005","Slovakia","Thousand hectares","Forest and other wooded land","1 931.60"
"2005","Slovakia","Thousand hectares","Forest","1 931.60"
"2005","Slovakia","Thousand hectares","Forest available for wood supply","1 751.00"
"2005","Slovakia","Thousand hectares","Other wooded land","0.00"
"2005","Finland","Thousand hectares","Area without water bodies",":"
"2005","Finland","Thousand hectares","Forest and other wooded land","23 300.00"
"2005","Finland","Thousand hectares","Forest","22 162.00"
"2005","Finland","Thousand hectares","Forest available for wood supply","20 050.91"
"2005","Finland","Thousand hectares","Other wooded land","1 137.77"
"2005","Sweden","Thousand hectares","Area without water bodies",":"
"2005","Sweden","Thousand hectares","Forest and other wooded land","30 762.00"
"2005","Sweden","Thousand hectares","Forest","28 218.00"
"2005","Sweden","Thousand hectares","Forest available for wood supply","20 233.69"
"2005","Sweden","Thousand hectares","Other wooded land","2 544.00"
"2005","United Kingdom","Thousand hectares","Area without water bodies",":"
"2005","United Kingdom","Thousand hectares","Forest and other wooded land","3 041.00"
"2005","United Kingdom","Thousand hectares","Forest","3 021.00"
"2005","United Kingdom","Thousand hectares","Forest available for wood supply","3 021.00"
"2005","United Kingdom","Thousand hectares","Other wooded land","20.00"
"2005","Iceland","Thousand hectares","Area without water bodies",":"
"2005","Iceland","Thousand hectares","Forest and other wooded land","171.09"
"2005","Iceland","Thousand hectares","Forest","36.48"
"2005","Iceland","Thousand hectares","Forest available for wood supply","17.71"
"2005","Iceland","Thousand hectares","Other wooded land","134.61"
"2005","Liechtenstein","Thousand hectares","Area without water bodies",":"
"2005","Liechtenstein","Thousand hectares","Forest and other wooded land","6.90"
"2005","Liechtenstein","Thousand hectares","Forest","6.10"
"2005","Liechtenstein","Thousand hectares","Forest available for wood supply","4.00"
"2005","Liechtenstein","Thousand hectares","Other wooded land","0.80"
"2005","Norway","Thousand hectares","Area without water bodies",":"
"2005","Norway","Thousand hectares","Forest and other wooded land","13 962.00"
"2005","Norway","Thousand hectares","Forest","12 092.00"
"2005","Norway","Thousand hectares","Forest available for wood supply","8 393.00"
"2005","Norway","Thousand hectares","Other wooded land","1 870.00"
"2005","Switzerland","Thousand hectares","Area without water bodies",":"
"2005","Switzerland","Thousand hectares","Forest and other wooded land","1 284.00"
"2005","Switzerland","Thousand hectares","Forest","1 217.00"
"2005","Switzerland","Thousand hectares","Forest available for wood supply","1 177.00"
"2005","Switzerland","Thousand hectares","Other wooded land","67.00"
"2005","Montenegro","Thousand hectares","Area without water bodies",":"
"2005","Montenegro","Thousand hectares","Forest and other wooded land","744"
"2005","Montenegro","Thousand hectares","Forest","626.00"
"2005","Montenegro","Thousand hectares","Forest available for wood supply","543.00"
"2005","Montenegro","Thousand hectares","Other wooded land","118.00"
"2005","Former Yugoslav Republic of Macedonia, the","Thousand hectares","Area without water bodies",":"
"2005","Former Yugoslav Republic of Macedonia, the","Thousand hectares","Forest and other wooded land","1 118"
"2005","Former Yugoslav Republic of Macedonia, the","Thousand hectares","Forest","975"
"2005","Former Yugoslav Republic of Macedonia, the","Thousand hectares","Forest available for wood supply","804"
"2005","Former Yugoslav Republic of Macedonia, the","Thousand hectares","Other wooded land","143"
"2005","Serbia","Thousand hectares","Area without water bodies",":"
"2005","Serbia","Thousand hectares","Forest and other wooded land","2 997"
"2005","Serbia","Thousand hectares","Forest","2 476"
"2005","Serbia","Thousand hectares","Forest available for wood supply","1 693.00"
"2005","Serbia","Thousand hectares","Other wooded land","521"
"2005","Turkey","Thousand hectares","Area without water bodies",":"
"2005","Turkey","Thousand hectares","Forest and other wooded land","21 274"
"2005","Turkey","Thousand hectares","Forest","10 740"
"2005","Turkey","Thousand hectares","Forest available for wood supply","7 854"
"2005","Turkey","Thousand hectares","Other wooded land","10 534"
"2005","Bosnia and Herzegovina","Thousand hectares","Area without water bodies",":"
"2005","Bosnia and Herzegovina","Thousand hectares","Forest and other wooded land",":"
"2005","Bosnia and Herzegovina","Thousand hectares","Forest",":"
"2005","Bosnia and Herzegovina","Thousand hectares","Forest available for wood supply",":"
"2005","Bosnia and Herzegovina","Thousand hectares","Other wooded land",":"
"2010","European Union (current composition)","Thousand hectares","Area without water bodies","424 578"
"2010","European Union (current composition)","Thousand hectares","Forest and other wooded land","180 311"
"2010","European Union (current composition)","Thousand hectares","Forest","159 236"
"2010","European Union (current composition)","Thousand hectares","Forest available for wood supply","133 172"
"2010","European Union (current composition)","Thousand hectares","Other wooded land","21 075"
"2010","European Union (before the accession of Croatia)","Thousand hectares","Area without water bodies","418 918"
"2010","European Union (before the accession of Croatia)","Thousand hectares","Forest and other wooded land","177 837"
"2010","European Union (before the accession of Croatia)","Thousand hectares","Forest","157 316"
"2010","European Union (before the accession of Croatia)","Thousand hectares","Forest available for wood supply","131 431"
"2010","European Union (before the accession of Croatia)","Thousand hectares","Other wooded land","20 521"
"2010","Belgium","Thousand hectares","Area without water bodies","3 033"
"2010","Belgium","Thousand hectares","Forest and other wooded land","714.00"
"2010","Belgium","Thousand hectares","Forest","681.20"
"2010","Belgium","Thousand hectares","Forest available for wood supply","667.85"
"2010","Belgium","Thousand hectares","Other wooded land","32.80"
"2010","Bulgaria","Thousand hectares","Area without water bodies","10 893"
"2010","Bulgaria","Thousand hectares","Forest and other wooded land","3 761.00"
"2010","Bulgaria","Thousand hectares","Forest","3 737.00"
"2010","Bulgaria","Thousand hectares","Forest available for wood supply","2 387.00"
"2010","Bulgaria","Thousand hectares","Other wooded land","24.00"
"2010","Czech Republic","Thousand hectares","Area without water bodies","7 723"
"2010","Czech Republic","Thousand hectares","Forest and other wooded land","2 657.38"
"2010","Czech Republic","Thousand hectares","Forest","2 657.38"
"2010","Czech Republic","Thousand hectares","Forest available for wood supply","2 310.37"
"2010","Czech Republic","Thousand hectares","Other wooded land","0.00"
"2010","Denmark","Thousand hectares","Area without water bodies","4 243"
"2010","Denmark","Thousand hectares","Forest and other wooded land","634.08"
"2010","Denmark","Thousand hectares","Forest","587.08"
"2010","Denmark","Thousand hectares","Forest available for wood supply","552.08"
"2010","Denmark","Thousand hectares","Other wooded land","47.00"
"2010","Germany (until 1990 former territory of the FRG)","Thousand hectares","Area without water bodies","34 877"
"2010","Germany (until 1990 former territory of the FRG)","Thousand hectares","Forest and other wooded land","11 409.00"
"2010","Germany (until 1990 former territory of the FRG)","Thousand hectares","Forest","11 409.00"
"2010","Germany (until 1990 former territory of the FRG)","Thousand hectares","Forest available for wood supply","10 885.73"
"2010","Germany (until 1990 former territory of the FRG)","Thousand hectares","Other wooded land","0.00"
"2010","Estonia","Thousand hectares","Area without water bodies","4 343"
"2010","Estonia","Thousand hectares","Forest and other wooded land","2 452.96"
"2010","Estonia","Thousand hectares","Forest","2 233.94"
"2010","Estonia","Thousand hectares","Forest available for wood supply","2 008.30"
"2010","Estonia","Thousand hectares","Other wooded land","219.02"
"2010","Ireland","Thousand hectares","Area without water bodies","6 839"
"2010","Ireland","Thousand hectares","Forest and other wooded land","772.86"
"2010","Ireland","Thousand hectares","Forest","725.64"
"2010","Ireland","Thousand hectares","Forest available for wood supply","608.22"
"2010","Ireland","Thousand hectares","Other wooded land","47.22"
"2010","Greece","Thousand hectares","Area without water bodies","13 082"
"2010","Greece","Thousand hectares","Forest and other wooded land","6 539.00"
"2010","Greece","Thousand hectares","Forest","3 903.00"
"2010","Greece","Thousand hectares","Forest available for wood supply","3 594.66"
"2010","Greece","Thousand hectares","Other wooded land","2 636.00"
"2010","Spain","Thousand hectares","Area without water bodies","50 176"
"2010","Spain","Thousand hectares","Forest and other wooded land","27 525.38"
"2010","Spain","Thousand hectares","Forest","18 247.20"
"2010","Spain","Thousand hectares","Forest available for wood supply","14 574.80"
"2010","Spain","Thousand hectares","Other wooded land","9 278.18"
"2010","France","Thousand hectares","Area without water bodies","55 010"
"2010","France","Thousand hectares","Forest and other wooded land","17 163.00"
"2010","France","Thousand hectares","Forest","16 424.00"
"2010","France","Thousand hectares","Forest available for wood supply","15 607.00"
"2010","France","Thousand hectares","Other wooded land","739.00"
"2010","Croatia","Thousand hectares","Area without water bodies","5 659"
"2010","Croatia","Thousand hectares","Forest and other wooded land","2 474.00"
"2010","Croatia","Thousand hectares","Forest","1 920.00"
"2010","Croatia","Thousand hectares","Forest available for wood supply","1 741.00"
"2010","Croatia","Thousand hectares","Other wooded land","554.00"
"2010","Italy","Thousand hectares","Area without water bodies","29 511"
"2010","Italy","Thousand hectares","Forest and other wooded land","10 789.00"
"2010","Italy","Thousand hectares","Forest","9 028.00"
"2010","Italy","Thousand hectares","Forest available for wood supply","7 978.74"
"2010","Italy","Thousand hectares","Other wooded land","1 761.00"
"2010","Cyprus","Thousand hectares","Area without water bodies","921"
"2010","Cyprus","Thousand hectares","Forest and other wooded land","386.13"
"2010","Cyprus","Thousand hectares","Forest","172.84"
"2010","Cyprus","Thousand hectares","Forest available for wood supply","41.40"
"2010","Cyprus","Thousand hectares","Other wooded land","213.28"
"2010","Latvia","Thousand hectares","Area without water bodies","6 220"
"2010","Latvia","Thousand hectares","Forest and other wooded land","3 467.00"
"2010","Latvia","Thousand hectares","Forest","3 354.00"
"2010","Latvia","Thousand hectares","Forest available for wood supply","3 149.00"
"2010","Latvia","Thousand hectares","Other wooded land","113.00"
"2010","Lithuania","Thousand hectares","Area without water bodies","6 268"
"2010","Lithuania","Thousand hectares","Forest and other wooded land","2 254.00"
"2010","Lithuania","Thousand hectares","Forest","2 170.00"
"2010","Lithuania","Thousand hectares","Forest available for wood supply","1 852.00"
"2010","Lithuania","Thousand hectares","Other wooded land","84.00"
"2010","Luxembourg","Thousand hectares","Area without water bodies","259"
"2010","Luxembourg","Thousand hectares","Forest and other wooded land","88.20"
"2010","Luxembourg","Thousand hectares","Forest","86.75"
"2010","Luxembourg","Thousand hectares","Forest available for wood supply","86.10"
"2010","Luxembourg","Thousand hectares","Other wooded land","1.40"
"2010","Hungary","Thousand hectares","Area without water bodies","8 961"
"2010","Hungary","Thousand hectares","Forest and other wooded land","2 046.39"
"2010","Hungary","Thousand hectares","Forest","2 046.39"
"2010","Hungary","Thousand hectares","Forest available for wood supply","1 729.32"
"2010","Hungary","Thousand hectares","Other wooded land","0"
"2010","Malta","Thousand hectares","Area without water bodies","32"
"2010","Malta","Thousand hectares","Forest and other wooded land","0.35"
"2010","Malta","Thousand hectares","Forest","0.35"
"2010","Malta","Thousand hectares","Forest available for wood supply","0.00"
"2010","Malta","Thousand hectares","Other wooded land","0.00"
"2010","Netherlands","Thousand hectares","Area without water bodies","3 372"
"2010","Netherlands","Thousand hectares","Forest and other wooded land","373.48"
"2010","Netherlands","Thousand hectares","Forest","373.48"
"2010","Netherlands","Thousand hectares","Forest available for wood supply","298.80"
"2010","Netherlands","Thousand hectares","Other wooded land","0.00"
"2010","Austria","Thousand hectares","Area without water bodies","8 241"
"2010","Austria","Thousand hectares","Forest and other wooded land","4 000.00"
"2010","Austria","Thousand hectares","Forest","3 860.00"
"2010","Austria","Thousand hectares","Forest available for wood supply","3 341.00"
"2010","Austria","Thousand hectares","Other wooded land","140.00"
"2010","Poland","Thousand hectares","Area without water bodies","30 633"
"2010","Poland","Thousand hectares","Forest and other wooded land","9 329.00"
"2010","Poland","Thousand hectares","Forest","9 329.00"
"2010","Poland","Thousand hectares","Forest available for wood supply","8 128.00"
"2010","Poland","Thousand hectares","Other wooded land","0.00"
"2010","Portugal","Thousand hectares","Area without water bodies","9 068"
"2010","Portugal","Thousand hectares","Forest and other wooded land","4 742.20"
"2010","Portugal","Thousand hectares","Forest","3 239.06"
"2010","Portugal","Thousand hectares","Forest available for wood supply","2 146.99"
"2010","Portugal","Thousand hectares","Other wooded land","1 503.13"
"2010","Romania","Thousand hectares","Area without water bodies","23 016"
"2010","Romania","Thousand hectares","Forest and other wooded land","6 919.00"
"2010","Romania","Thousand hectares","Forest","6 515.00"
"2010","Romania","Thousand hectares","Forest available for wood supply","5 147.00"
"2010","Romania","Thousand hectares","Other wooded land","404.00"
"2010","Slovenia","Thousand hectares","Area without water bodies","2 014"
"2010","Slovenia","Thousand hectares","Forest and other wooded land","1 272.00"
"2010","Slovenia","Thousand hectares","Forest","1 247.00"
"2010","Slovenia","Thousand hectares","Forest available for wood supply","1 175.00"
"2010","Slovenia","Thousand hectares","Other wooded land","25.00"
"2010","Slovakia","Thousand hectares","Area without water bodies","4 810"
"2010","Slovakia","Thousand hectares","Forest and other wooded land","1 938.90"
"2010","Slovakia","Thousand hectares","Forest","1 938.90"
"2010","Slovakia","Thousand hectares","Forest available for wood supply","1 779.00"
"2010","Slovakia","Thousand hectares","Other wooded land","0.00"
"2010","Finland","Thousand hectares","Area without water bodies","30 389"
"2010","Finland","Thousand hectares","Forest and other wooded land","23 019.00"
"2010","Finland","Thousand hectares","Forest","22 218.00"
"2010","Finland","Thousand hectares","Forest available for wood supply","19 465.00"
"2010","Finland","Thousand hectares","Other wooded land","801.00"
"2010","Sweden","Thousand hectares","Area without water bodies","40 734"
"2010","Sweden","Thousand hectares","Forest and other wooded land","30 505.00"
"2010","Sweden","Thousand hectares","Forest","28 073.00"
"2010","Sweden","Thousand hectares","Forest available for wood supply","20 032.91"
"2010","Sweden","Thousand hectares","Other wooded land","2 432.00"
"2010","United Kingdom","Thousand hectares","Area without water bodies","24 251"
"2010","United Kingdom","Thousand hectares","Forest and other wooded land","3 079.00"
"2010","United Kingdom","Thousand hectares","Forest","3 059.00"
"2010","United Kingdom","Thousand hectares","Forest available for wood supply","3 059.00"
"2010","United Kingdom","Thousand hectares","Other wooded land","20.00"
"2010","Iceland","Thousand hectares","Area without water bodies","10 024"
"2010","Iceland","Thousand hectares","Forest and other wooded land","181.94"
"2010","Iceland","Thousand hectares","Forest","42.75"
"2010","Iceland","Thousand hectares","Forest available for wood supply","21.62"
"2010","Iceland","Thousand hectares","Other wooded land","139.20"
"2010","Liechtenstein","Thousand hectares","Area without water bodies","16"
"2010","Liechtenstein","Thousand hectares","Forest and other wooded land","6.70"
"2010","Liechtenstein","Thousand hectares","Forest","6.20"
"2010","Liechtenstein","Thousand hectares","Forest available for wood supply","4.00"
"2010","Liechtenstein","Thousand hectares","Other wooded land","0.50"
"2010","Norway","Thousand hectares","Area without water bodies","30 425"
"2010","Norway","Thousand hectares","Forest and other wooded land","14 043.00"
"2010","Norway","Thousand hectares","Forest","12 102.00"
"2010","Norway","Thousand hectares","Forest available for wood supply","8 326.00"
"2010","Norway","Thousand hectares","Other wooded land","1 941.00"
"2010","Switzerland","Thousand hectares","Area without water bodies","4 000"
"2010","Switzerland","Thousand hectares","Forest and other wooded land","1 304.00"
"2010","Switzerland","Thousand hectares","Forest","1 235.00"
"2010","Switzerland","Thousand hectares","Forest available for wood supply","1 193.00"
"2010","Switzerland","Thousand hectares","Other wooded land","69.00"
"2010","Montenegro","Thousand hectares","Area without water bodies","1 345"
"2010","Montenegro","Thousand hectares","Forest and other wooded land","964.26"
"2010","Montenegro","Thousand hectares","Forest","826.78"
"2010","Montenegro","Thousand hectares","Forest available for wood supply","675.39"
"2010","Montenegro","Thousand hectares","Other wooded land","137.48"
"2010","Former Yugoslav Republic of Macedonia, the","Thousand hectares","Area without water bodies","2 491"
"2010","Former Yugoslav Republic of Macedonia, the","Thousand hectares","Forest and other wooded land","1 103.43"
"2010","Former Yugoslav Republic of Macedonia, the","Thousand hectares","Forest","960.43"
"2010","Former Yugoslav Republic of Macedonia, the","Thousand hectares","Forest available for wood supply","804.00"
"2010","Former Yugoslav Republic of Macedonia, the","Thousand hectares","Other wooded land","143.00"
"2010","Serbia","Thousand hectares","Area without water bodies","8 746"
"2010","Serbia","Thousand hectares","Forest and other wooded land","3 123.00"
"2010","Serbia","Thousand hectares","Forest","2 713.00"
"2010","Serbia","Thousand hectares","Forest available for wood supply","2 342.00"
"2010","Serbia","Thousand hectares","Other wooded land","410.00"
"2010","Turkey","Thousand hectares","Area without water bodies","76 960"
"2010","Turkey","Thousand hectares","Forest and other wooded land","21 537.09"
"2010","Turkey","Thousand hectares","Forest","11 202.84"
"2010","Turkey","Thousand hectares","Forest available for wood supply","7 672.81"
"2010","Turkey","Thousand hectares","Other wooded land","10 334.25"
"2010","Bosnia and Herzegovina","Thousand hectares","Area without water bodies",":"
"2010","Bosnia and Herzegovina","Thousand hectares","Forest and other wooded land","2 778.30"
"2010","Bosnia and Herzegovina","Thousand hectares","Forest","2 102.70"
"2010","Bosnia and Herzegovina","Thousand hectares","Forest available for wood supply",":"
"2010","Bosnia and Herzegovina","Thousand hectares","Other wooded land","675.60"
"2015","European Union (current composition)","Thousand hectares","Area without water bodies",":"
"2015","European Union (current composition)","Thousand hectares","Forest and other wooded land","181 918.00"
"2015","European Union (current composition)","Thousand hectares","Forest","160 931.00"
"2015","European Union (current composition)","Thousand hectares","Forest available for wood supply","134 486"
"2015","European Union (current composition)","Thousand hectares","Other wooded land","20 843"
"2015","European Union (before the accession of Croatia)","Thousand hectares","Area without water bodies",":"
"2015","European Union (before the accession of Croatia)","Thousand hectares","Forest and other wooded land","179 434"
"2015","European Union (before the accession of Croatia)","Thousand hectares","Forest","159 160"
"2015","European Union (before the accession of Croatia)","Thousand hectares","Forest available for wood supply","132 746"
"2015","European Union (before the accession of Croatia)","Thousand hectares","Other wooded land","20 274"
"2015","Belgium","Thousand hectares","Area without water bodies",":"
"2015","Belgium","Thousand hectares","Forest and other wooded land","719.10"
"2015","Belgium","Thousand hectares","Forest","683.40"
"2015","Belgium","Thousand hectares","Forest available for wood supply","670.28"
"2015","Belgium","Thousand hectares","Other wooded land","35.70"
"2015","Bulgaria","Thousand hectares","Area without water bodies",":"
"2015","Bulgaria","Thousand hectares","Forest and other wooded land","3 845.00"
"2015","Bulgaria","Thousand hectares","Forest","3 823.00"
"2015","Bulgaria","Thousand hectares","Forest available for wood supply","2 213.00"
"2015","Bulgaria","Thousand hectares","Other wooded land","22.00"
"2015","Czech Republic","Thousand hectares","Area without water bodies",":"
"2015","Czech Republic","Thousand hectares","Forest and other wooded land","2 667.41"
"2015","Czech Republic","Thousand hectares","Forest","2 667.41"
"2015","Czech Republic","Thousand hectares","Forest available for wood supply","2 300.79"
"2015","Czech Republic","Thousand hectares","Other wooded land","0.00"
"2015","Denmark","Thousand hectares","Area without water bodies",":"
"2015","Denmark","Thousand hectares","Forest and other wooded land","657.69"
"2015","Denmark","Thousand hectares","Forest","612.23"
"2015","Denmark","Thousand hectares","Forest available for wood supply","572.23"
"2015","Denmark","Thousand hectares","Other wooded land","45.47"
"2015","Germany (until 1990 former territory of the FRG)","Thousand hectares","Area without water bodies",":"
"2015","Germany (until 1990 former territory of the FRG)","Thousand hectares","Forest and other wooded land","11 419.00"
"2015","Germany (until 1990 former territory of the FRG)","Thousand hectares","Forest","11 419.00"
"2015","Germany (until 1990 former territory of the FRG)","Thousand hectares","Forest available for wood supply","10 888.00"
"2015","Germany (until 1990 former territory of the FRG)","Thousand hectares","Other wooded land","0.00"
"2015","Estonia","Thousand hectares","Area without water bodies",":"
"2015","Estonia","Thousand hectares","Forest and other wooded land","2 455.51"
"2015","Estonia","Thousand hectares","Forest","2 231.95"
"2015","Estonia","Thousand hectares","Forest available for wood supply","1 993.75"
"2015","Estonia","Thousand hectares","Other wooded land","223.56"
"2015","Ireland","Thousand hectares","Area without water bodies",":"
"2015","Ireland","Thousand hectares","Forest and other wooded land","801.24"
"2015","Ireland","Thousand hectares","Forest","754.02"
"2015","Ireland","Thousand hectares","Forest available for wood supply","632.01"
"2015","Ireland","Thousand hectares","Other wooded land","47.22"
"2015","Greece","Thousand hectares","Area without water bodies",":"
"2015","Greece","Thousand hectares","Forest and other wooded land","6 539.00"
"2015","Greece","Thousand hectares","Forest","3 903.00"
"2015","Greece","Thousand hectares","Forest available for wood supply","3 594.66"
"2015","Greece","Thousand hectares","Other wooded land","2 636.00"
"2015","Spain","Thousand hectares","Area without water bodies",":"
"2015","Spain","Thousand hectares","Forest and other wooded land","27 626.65"
"2015","Spain","Thousand hectares","Forest","18 417.87"
"2015","Spain","Thousand hectares","Forest available for wood supply","14 711.12"
"2015","Spain","Thousand hectares","Other wooded land","9 208.78"
"2015","France","Thousand hectares","Area without water bodies",":"
"2015","France","Thousand hectares","Forest and other wooded land","17 579.00"
"2015","France","Thousand hectares","Forest","16 989.00"
"2015","France","Thousand hectares","Forest available for wood supply","16 018.00"
"2015","France","Thousand hectares","Other wooded land","590.00"
"2015","Croatia","Thousand hectares","Area without water bodies",":"
"2015","Croatia","Thousand hectares","Forest and other wooded land","2 491.00"
"2015","Croatia","Thousand hectares","Forest","1 922.00"
"2015","Croatia","Thousand hectares","Forest available for wood supply","1 740.00"
"2015","Croatia","Thousand hectares","Other wooded land","569.00"
"2015","Italy","Thousand hectares","Area without water bodies",":"
"2015","Italy","Thousand hectares","Forest and other wooded land","11 110.00"
"2015","Italy","Thousand hectares","Forest","9 297.00"
"2015","Italy","Thousand hectares","Forest available for wood supply","8 216.47"
"2015","Italy","Thousand hectares","Other wooded land","1 813.00"
"2015","Cyprus","Thousand hectares","Area without water bodies",":"
"2015","Cyprus","Thousand hectares","Forest and other wooded land","386.19"
"2015","Cyprus","Thousand hectares","Forest","172.70"
"2015","Cyprus","Thousand hectares","Forest available for wood supply","41.12"
"2015","Cyprus","Thousand hectares","Other wooded land","213.49"
"2015","Latvia","Thousand hectares","Area without water bodies",":"
"2015","Latvia","Thousand hectares","Forest and other wooded land","3 468.00"
"2015","Latvia","Thousand hectares","Forest","3 356.00"
"2015","Latvia","Thousand hectares","Forest available for wood supply","3 151.00"
"2015","Latvia","Thousand hectares","Other wooded land","112.00"
"2015","Lithuania","Thousand hectares","Area without water bodies",":"
"2015","Lithuania","Thousand hectares","Forest and other wooded land","2 284.00"
"2015","Lithuania","Thousand hectares","Forest","2 180.00"
"2015","Lithuania","Thousand hectares","Forest available for wood supply","1 924.00"
"2015","Lithuania","Thousand hectares","Other wooded land","104.00"
"2015","Luxembourg","Thousand hectares","Area without water bodies",":"
"2015","Luxembourg","Thousand hectares","Forest and other wooded land","88.20"
"2015","Luxembourg","Thousand hectares","Forest","86.75"
"2015","Luxembourg","Thousand hectares","Forest available for wood supply","86.10"
"2015","Luxembourg","Thousand hectares","Other wooded land","1.40"
"2015","Hungary","Thousand hectares","Area without water bodies",":"
"2015","Hungary","Thousand hectares","Forest and other wooded land","2 190.43"
"2015","Hungary","Thousand hectares","Forest","2 069.13"
"2015","Hungary","Thousand hectares","Forest available for wood supply","1 778.77"
"2015","Hungary","Thousand hectares","Other wooded land","121.30"
"2015","Malta","Thousand hectares","Area without water bodies",":"
"2015","Malta","Thousand hectares","Forest and other wooded land","0.35"
"2015","Malta","Thousand hectares","Forest","0.35"
"2015","Malta","Thousand hectares","Forest available for wood supply","0.00"
"2015","Malta","Thousand hectares","Other wooded land","0.00"
"2015","Netherlands","Thousand hectares","Area without water bodies",":"
"2015","Netherlands","Thousand hectares","Forest and other wooded land","376.00"
"2015","Netherlands","Thousand hectares","Forest","376.00"
"2015","Netherlands","Thousand hectares","Forest available for wood supply","301.00"
"2015","Netherlands","Thousand hectares","Other wooded land","0.00"
"2015","Austria","Thousand hectares","Area without water bodies",":"
"2015","Austria","Thousand hectares","Forest and other wooded land","4 022.00"
"2015","Austria","Thousand hectares","Forest","3 869.00"
"2015","Austria","Thousand hectares","Forest available for wood supply","3 339.00"
"2015","Austria","Thousand hectares","Other wooded land","153.00"
"2015","Poland","Thousand hectares","Area without water bodies",":"
"2015","Poland","Thousand hectares","Forest and other wooded land","9 435.00"
"2015","Poland","Thousand hectares","Forest","9 435.00"
"2015","Poland","Thousand hectares","Forest available for wood supply","8 234.00"
"2015","Poland","Thousand hectares","Other wooded land","0.00"
"2015","Portugal","Thousand hectares","Area without water bodies",":"
"2015","Portugal","Thousand hectares","Forest and other wooded land","4 907.21"
"2015","Portugal","Thousand hectares","Forest","3 182.10"
"2015","Portugal","Thousand hectares","Forest available for wood supply","2 088.16"
"2015","Portugal","Thousand hectares","Other wooded land","1 725.11"
"2015","Romania","Thousand hectares","Area without water bodies",":"
"2015","Romania","Thousand hectares","Forest and other wooded land","6 951.00"
"2015","Romania","Thousand hectares","Forest","6 861.00"
"2015","Romania","Thousand hectares","Forest available for wood supply","4 627.00"
"2015","Romania","Thousand hectares","Other wooded land","90.00"
"2015","Slovenia","Thousand hectares","Area without water bodies",":"
"2015","Slovenia","Thousand hectares","Forest and other wooded land","1 271.00"
"2015","Slovenia","Thousand hectares","Forest","1 248.00"
"2015","Slovenia","Thousand hectares","Forest available for wood supply","1 139.00"
"2015","Slovenia","Thousand hectares","Other wooded land","23.00"
"2015","Slovakia","Thousand hectares","Area without water bodies",":"
"2015","Slovakia","Thousand hectares","Forest and other wooded land","1 940.00"
"2015","Slovakia","Thousand hectares","Forest","1 940.00"
"2015","Slovakia","Thousand hectares","Forest available for wood supply","1 785.00"
"2015","Slovakia","Thousand hectares","Other wooded land","0.00"
"2015","Finland","Thousand hectares","Area without water bodies",":"
"2015","Finland","Thousand hectares","Forest and other wooded land","23 019.00"
"2015","Finland","Thousand hectares","Forest","22 218.00"
"2015","Finland","Thousand hectares","Forest available for wood supply","19 465.00"
"2015","Finland","Thousand hectares","Other wooded land","801.00"
"2015","Sweden","Thousand hectares","Area without water bodies",":"
"2015","Sweden","Thousand hectares","Forest and other wooded land","30 505.00"
"2015","Sweden","Thousand hectares","Forest","28 073.00"
"2015","Sweden","Thousand hectares","Forest available for wood supply","19 832.13"
"2015","Sweden","Thousand hectares","Other wooded land","2 432.00"
"2015","United Kingdom","Thousand hectares","Area without water bodies",":"
"2015","United Kingdom","Thousand hectares","Forest and other wooded land","3 164.00"
"2015","United Kingdom","Thousand hectares","Forest","3 144.00"
"2015","United Kingdom","Thousand hectares","Forest available for wood supply","3 144.00"
"2015","United Kingdom","Thousand hectares","Other wooded land","20.00"
"2015","Iceland","Thousand hectares","Area without water bodies",":"
"2015","Iceland","Thousand hectares","Forest and other wooded land","193.34"
"2015","Iceland","Thousand hectares","Forest","49.15"
"2015","Iceland","Thousand hectares","Forest available for wood supply","25.61"
"2015","Iceland","Thousand hectares","Other wooded land","144.19"
"2015","Liechtenstein","Thousand hectares","Area without water bodies",":"
"2015","Liechtenstein","Thousand hectares","Forest and other wooded land","6.70"
"2015","Liechtenstein","Thousand hectares","Forest","6.20"
"2015","Liechtenstein","Thousand hectares","Forest available for wood supply","4.00"
"2015","Liechtenstein","Thousand hectares","Other wooded land","0.50"
"2015","Norway","Thousand hectares","Area without water bodies",":"
"2015","Norway","Thousand hectares","Forest and other wooded land","14 124.00"
"2015","Norway","Thousand hectares","Forest","12 112.00"
"2015","Norway","Thousand hectares","Forest available for wood supply","8 259.00"
"2015","Norway","Thousand hectares","Other wooded land","2 012.00"
"2015","Switzerland","Thousand hectares","Area without water bodies",":"
"2015","Switzerland","Thousand hectares","Forest and other wooded land","1 324.00"
"2015","Switzerland","Thousand hectares","Forest","1 254.00"
"2015","Switzerland","Thousand hectares","Forest available for wood supply","1 208.00"
"2015","Switzerland","Thousand hectares","Other wooded land","70.00"
"2015","Montenegro","Thousand hectares","Area without water bodies",":"
"2015","Montenegro","Thousand hectares","Forest and other wooded land","964.26"
"2015","Montenegro","Thousand hectares","Forest","826.78"
"2015","Montenegro","Thousand hectares","Forest available for wood supply","675.39"
"2015","Montenegro","Thousand hectares","Other wooded land","137.48"
"2015","Former Yugoslav Republic of Macedonia, the","Thousand hectares","Area without water bodies",":"
"2015","Former Yugoslav Republic of Macedonia, the","Thousand hectares","Forest and other wooded land","1 130.55"
"2015","Former Yugoslav Republic of Macedonia, the","Thousand hectares","Forest","987.54"
"2015","Former Yugoslav Republic of Macedonia, the","Thousand hectares","Forest available for wood supply","804.00"
"2015","Former Yugoslav Republic of Macedonia, the","Thousand hectares","Other wooded land","143.00"
"2015","Serbia","Thousand hectares","Area without water bodies",":"
"2015","Serbia","Thousand hectares","Forest and other wooded land","3 228.00"
"2015","Serbia","Thousand hectares","Forest","2 720.00"
"2015","Serbia","Thousand hectares","Forest available for wood supply","1 795.00"
"2015","Serbia","Thousand hectares","Other wooded land","508.00"
"2015","Turkey","Thousand hectares","Area without water bodies",":"
"2015","Turkey","Thousand hectares","Forest and other wooded land","21 862.49"
"2015","Turkey","Thousand hectares","Forest","11 942.96"
"2015","Turkey","Thousand hectares","Forest available for wood supply","8 183.49"
"2015","Turkey","Thousand hectares","Other wooded land","9 919.53"
"2015","Bosnia and Herzegovina","Thousand hectares","Area without water bodies",":"
"2015","Bosnia and Herzegovina","Thousand hectares","Forest and other wooded land","2 799.20"
"2015","Bosnia and Herzegovina","Thousand hectares","Forest","2 115.00"
"2015","Bosnia and Herzegovina","Thousand hectares","Forest available for wood supply",":"
"2015","Bosnia and Herzegovina","Thousand hectares","Other wooded land","684.20"
